input_memb_prob,sim_memb_prob,mean_input_util_item000,mean_input_util_item001,mean_input_util_item002,mean_input_util_item003,mean_input_util_item004,mean_input_util_item005,mean_input_util_item006,mean_input_util_item007,mean_input_util_item008,mean_input_util_item009,mean_input_util_item010,mean_input_util_item011,mean_sim_util_item000,mean_sim_util_item001,mean_sim_util_item002,mean_sim_util_item003,mean_sim_util_item004,mean_sim_util_item005,mean_sim_util_item006,mean_sim_util_item007,mean_sim_util_item008,mean_sim_util_item009,mean_sim_util_item010,mean_sim_util_item011
0.3,0.27111111111111114,6.0,5.5,5.0,4.5,4.0,3.5,2.5,2.0,1.5,1.0,0.5,0.0,6.2140986820616,5.361759653609616,5.081066565435071,4.523516357689913,4.116600668013626,3.4976587288711203,2.676560166746108,1.93333222171027,1.3614657217392288,1.1034887698039795,0.4861546665442999,0.0
0.2,0.1711111111111111,-6.0,-5.5,-5.0,-4.5,-4.0,-3.5,-2.5,-2.0,-1.5,-1.0,-0.5,0.0,-5.86261263119128,-5.424212878194941,-4.852264798964379,-4.696832602180861,-3.7902391545301675,-3.469851122637109,-2.519146740905426,-1.9129966195115256,-1.4048815201644536,-0.8084667870643675,-0.41264006525979735,0.0
0.5,0.5577777777777778,0.0,0.5,1.0,1.5,2.0,2.5,2.5,2.0,1.5,1.0,0.5,0.0,-0.10887743285102792,0.5724439121518318,1.1318895634153336,1.5517514986522298,2.045949338580546,2.500619741299148,2.4009020364080746,1.9155717341104883,1.5558310049434867,1.0373008482538062,0.47536669707810497,0.0
